name,sex.byname
александр,1
наталья,2
елена,2
ольга,2
татьяна,2
сергей,1
алексей,1
андрей,1
ирина,2
анна,2
юлия,2
дмитрий,1
светлана,2
екатерина,2
владимир,1
марина,2
евгений,1
анастасия,2
мария,2
михаил,1
максим,1
оксана,2
игорь,1
денис,1
николай,1
юрий,1
людмила,2
иван,1
олег,1
надежда,2
антон,1
галина,2
павел,1
роман,1
евгения,2
виктор,1
виктория,2
виталий,1
дарья,2
илья,1
ксения,2
константин,1
лариса,2
артем,1
любовь,2
валерий,1
алена,2
вадим,1
александра,2
владислав,1
кирилл,1
вячеслав,1
руслан,1
василий,1
валентина,2
олеся,2
вера,2
никита,1
яна,2
станислав,1
нина,2
анатолий,1
алина,2
кристина,2
алла,2
инна,2
маргарита,2
лилия,2
валерия,2
елизавета,2
даниил,1
борис,1
полина,2
вероника,2
эдуард,1
жанна,2
тамара,2
петр,1
егор,1
лидия,2
артур,1
геннадий,1
диана,2
григорий,1
леонид,1
тимур,1
эльвира,2
альбина,2
софья,2
георгий,1
карина,2
валентин,1
федор,1
марат,1
анжелика,2
ильдар,1
антонина,2
альберт,1
алиса,2
ярослав,1
зоя,2
семен,1
дина,2
ульяна,2
ангелина,2
рустам,1
гульнара,2
анжела,2
раиса,2
арина,2
ринат,1
аркадий,1
динара,2
эльмира,2
регина,2
степан,1
глеб,1
майя,2
айгуль,2
рамиль,1
инга,2
тимофей,1
элина,2
мадина,2
алия,2
роза,2
лев,1
алевтина,2
зинаида,2
нелли,2
гузель,2
варвара,2
римма,2
ася,2
ренат,1
марианна,2
инесса,2
альфия,2
марк,1
венера,2
алеся,2
мила,2
арсений,1
виолетта,2
снежана,2
айрат,1
яков,1
роберт,1
рустем,1
алсу,2
кира,2
шамиль,1
элла,2
радик,1
аида,2
фатима,2
айдар,1
илона,2
лейла,2
дамир,1
филипп,1
рита,2
гульназ,2
азат,1
таисия,2
зульфия,2
зарина,2
элеонора,2
арсен,1
ева,2
лиля,2
ильнур,1
эльдар,1
давид,1
асель,2
всеволод,1
рафаэль,1
ярослава,2
эля,2
влада,2
матвей,1
василиса,2
айнур,1
тарас,1
азамат,1
лиана,2
юлианна,2
луиза,2
амина,2
марсель,1
miss,2
святослав,1
наиль,1
вита,2
армен,1
диляра,2
эльза,2
ростислав,1
неля,2
лина,2
милана,2
лия,2
рашид,1
гуля,2
магомед,1
lady,2
сабина,2
лада,2
леся,2
булат,1
рената,2
марьяна,2
katrin,2
равиль,1
наиля,2
cветлана,2
ильшат,1
ленар,1
родион,1
алик,1
аслан,1
лаура,2
лана,2
захар,1
дана,2
артемий,1
лера,2
лейсан,2
марта,2
мурад,1
клавдия,2
али,1
милена,2
эмиль,1
ильгиз,1
ника,2
mari,2
камила,2
аля,2
дарина,2
саида,2
ильяс,1
динар,1
фарида,2
nika,2
галия,2
заур,1
адель,2
iuliia,2
helen,2
david,1
амир,1
мира,2
карен,1
резеда,2
michael,1
lina,2
эмма,2
джамиля,2
салават,1
камилла,2
мурат,1
владислава,2
василина,2
зарема,2
злата,2
эвелина,2
фарид,1
камиль,1
mary,2
арман,1
эрик,1
сауле,2
анвар,1
ильмира,2
жанар,2
гульмира,2
алан,1
вениамин,1
индира,2
рузанна,2
альмира,2
ашот,1
lara,2
феликс,1
тагир,1
фаина,2
галя,2
гульшат,2
раиль,1
тигран,1
sandra,2
люция,2
стелла,2
kira,2
ильнар,1
клара,2
ирена,2
madam,2
руслана,2
эдгар,1
айгерим,2
марьям,2
расул,1
владлена,2
эльвина,2
бэлла,2
заира,2
girl,2
патимат,2
ираида,2
рамиля,2
liana,2
man,1
руфина,2
валя,2
анита,2
данияр,1
дария,2
ислам,1
ришат,1
василь,1
ахмед,1
анфиса,2
эмилия,2
tata,2
рамазан,1
нонна,2
ефим,1
ибрагим,1
зухра,2
сусанна,2
нелля,2
асия,2
аделя,2
раушан,1
лика,2
лолита,2
каролина,2
leo,1
замира,2
нургуль,2
нурлан,1
katy,2
kris,2
peter,1
ляззат,2
самвел,1
ирек,1
сюзанна,2
эллина,2
алефтина,2
виталия,2
ляйсан,1
христина,2
margo,2
расим,1
серафима,2
акмарал,2
назар,1
мирослава,2
sabina,2
нурия,2
elmira,2
mister,1
альфред,1
раис,1
айдана,2
наира,2
миляуша,2
лилиана,2
мансур,1
иннокентий,1
tim,1
daniel,1
адам,1
владлен,1
изабелла,2
наргиза,2
арслан,1
белла,2
рашит,1
салтанат,2
искандер,1
сания,2
султан,1
аскар,1
саид,1
земфира,2
лола,2
тамила,2
ильназ,2
нияз,1
малика,2
игнат,1
рифат,1
эдик,1
ильдус,1
талгат,2
kristi,2
алтынай,2
рушан,1
аделина,2
розалия,2
martin,1
гульжан,2
айжан,2
диля,2
рамис,1
laura,2
мирослав,1
marianna,2
taras,1
алишер,1
дания,2
левон,1
serezha,1
аксана,2
belka,2
нана,2
олена,2
рада,2
jan,1
ерлан,1
жанара,2
асхат,1
гриша,1
румия,2
зиля,2
paul,1
рубен,1
alik,1
виталина,2
гарик,1
зара,2
кристана,2
рая,2
kati,2
monika,2
john,1
olena,2
марс,1
муслим,1
petra,2
alexa,2
thomas,1
жулдыз,2
лилит,2
гульнар,2
зина,2
angela,2
lora,2
казбек,1
чулпан,2
ella,2
карим,1
станислава,2
арам,1
фанис,1
айсылу,2
жазира,2
mike,1
sabine,2
гульфия,2
малина,2
шолпан,2
milena,2
лусине,2
линар,1
айнура,2
сурен,1
гаухар,2
рима,2
claudia,2
аминат,2
гаяне,2
гульнур,2
эрика,2
наида,2
нариман,1
фарит,1
радмир,1
эльнара,2
рудольф,1
серик,1
alan,1
карлыгаш,1
мариам,2
slavik,1
лора,2
айнагуль,2
асият,2
ник,1
юлий,1
nicole,2
arman,1
george,1
iris,2
рафис,1
фируза,2
евдокия,2
kisa,2
жан,1
milana,2
айна,2
ирма,2
радмила,2
bella,2
tasha,1
рафик,1
indira,2
sergio,1
angelika,2
jane,2
stella,2
ани,2
andy,1
sabrina,2
анаит,2
зураб,1
хава,2
анзор,1
гулия,2
асем,2
иосиф,1
роксана,2
melanie,2
nadine,2
сева,1
emil,1
ильмир,1
juli,2
sarah,2
selena,2
ильфат,1
рузиля,2
танзиля,2
толя,1
andreas,1
daniela,2
алмагуль,2
ануш,2
дилара,2
гюзель,2
михайло,1
самир,1
калина,2
анара,2
эрнест,1
геворг,1
каринэ,2
helga,2
martina,2
азиз,1
rafael,1
susanne,2
бибигуль,2
мари,2
нарине,2
ада,2
дмитро,1
тина,2
рим,1
славик,1
айсулу,2
алим,1
гаянэ,2
майра,2
рина,2
фархад,1
айшат,2
спартак,1
урал,1
рамзия,2
mika,2
ляля,2
макар,1
микола,1
нино,2
платон,1
рауф,1
исмаил,1
самира,2
рузана,2
эльмир,1
adam,1
frank,1
karin,2
куралай,2
ландыш,2
тахир,1
katrina,2
гюльнара,2
stefan,1
ильсур,1
катрин,2
мариана,2
муса,1
аниса,2
елисей,1
нинель,2
christian,1
tanechka,2
zina,2
маруся,2
тамерлан,1
nana,2
зуля,2
лира,2
jasmin,2
вилена,2
шухрат,1
jessica,2
арнольд,1
данис,1
тихон,1
эдвард,1
katharina,2
leila,2
lola,2
nelly,2
аэлита,2
ботагоз,2
ратмир,1
рушана,2
владимер,1
савелий,1
самат,1
malika,2
гоар,2
элиза,2
alek,1
katarina,2
даниэль,1
emma,2
irene,2
stefanie,2
кайрат,1
клим,1
янис,1
ден,1
линара,2
чингиз,1
barbara,2
johnny,1
алма,2
диего,1
felix,1
афанасий,1
баян,1
simon,1
анжелла,2
генрих,1
леван,1
малик,1
юлиан,1
erik,1
linda,2
viki,2
асмик,2
mara,2
meri,2
аза,2
оскар,1
радион,1
раиля,2
сослан,1
sascha,2
tori,2
джамал,1
bob,1
ray,1
sara,2
вартан,1
ираклий,1
надия,2
нурсултан,1
разина,2
тоня,2
mariam,2
christine,2
катарина,2
линда,2
флюра,2
виола,2
джульетта,2
олжас,1
manuela,2
альвина,2
дамира,2
ильгам,1
marinka,2
павло,1
фания,2
хасан,1
jennifer,2
kitty,2
vanessa,2
алибек,1
бауыржан,1
сулейман,1
antonio,1
birgit,2
jenny,2
варя,2
нателла,2
омар,1
савва,1
александрина,2
мартин,1
тая,2
renata,2
valia,2
гасан,1
зуфар,1
махмуд,1
назира,2
karine,2
mia,2
анджела,2
вахтанг,1
эмин,1
elza,2
агата,2
альфира,2
венер,1
жамиля,2
назим,1
расима,2
alice,2
tom,1
гузаль,2
замир,1
edik,1
гаджи,1
гарри,1
фаиль,1
heike,2
евген,1
ильхам,1
чингис,1
anne,2
cristina,2
iraida,2
lia,2
mario,1
алтын,1
airat,1
caterina,2
mariana,2
nazar,1
азиза,2
макпал,2
николь,2
нэлли,2
нэля,2
прохор,1
рафаил,1
резида,2
серафим,1
cherry,2
marusya,2
адиля,2
батыр,1
даулет,1
демьян,1
джон,1
назгуль,2
раушания,2
ilina,2
sashka,2
айша,2
аким,1
асет,2
yarik,1
бахтияр,1
ермек,1
мальвина,2
evelina,2
jack,1
marie,2
дарима,2
зайнаб,2
иветта,2
марья,2
мирон,1
рушания,2
brigitte,2
faina,2
markus,1
pavlik,1
ильнара,2
рузалия,2
сова,1
ania,2
kathrin,2
michaela,2
азалия,2
алима,2
антонида,2
наргиз,2
natusik,2
nonna,2
абдул,1
амин,1
бахыт,1
есения,2
богдана,2
равшан,1
ahmed,1
irma,2
natalka,2
orel,1
зифа,2
ирада,2
манана,2
умар,1
эсмира,2
silvia,2
tony,1
абдулла,1
камшат,2
оганес,1
эркин,1
marine,2
patrick,1
ануар,1
моника,2
simone,2
susanna,2
айдын,1
инара,2
ирик,1
ляна,2
сара,2
marion,1
veta,2
аурика,2
афина,2
леонтий,1
разиля,2
туяна,2
hanna,2
honey,2
klara,2
les,1
lily,2
mel,1
stasya,2
альфа,2
виль,1
камиля,2
мухтар,1
петро,1
радий,1
феруза,2
danya,1
elke,2
gabriele,2
tonya,2
yulechka,2
айнаш,2
аксинья,2
алана,2
берик,1
веста,2
гульдана,2
constantin,1
doris,2
isa,2
люся,2
нафиса,2
stephanie,2
акбота,2
гамлет,1
изольда,2
камил,1
кузьма,1
магамед,1
назерке,2
рашида,2
тим,1
sima,2
адиль,1
амалия,2
гелена,2
дим,1
asia,2
juliana,2
rada,2
tana,2
vikki,2
ана,2
вильдан,1
зауре,1
камал,1
рамин,1
стефан,1
таиса,2
татяна,2
cornelia,2
erika,2
verena,2
любава,2
ляйля,2
dee,1
lan,2
queen,2
ахмет,1
василя,2
диас,1
леля,2
мухамед,1
мэри,2
саргылана,2
annette,2
edgar,1
hans,1
yuliana,2
владик,1
даурен,1
равиля,2
рена,2
фархат,1
эльчин,1
adelina,2
renate,2
viola,2
vladik,1
xenia,2
аверин,1
айса,2
анаида,2
вардан,1
гузелия,2
ильгар,1
карима,2
миля,2
найля,2
рамина,2
салима,2
севиль,2
халида,2
эндже,2
ingrid,2
sacha,1
акерке,2
гера,2
любомир,1
innochka,2
лали,2
ленара,2
сима,2
элен,2
эльвир,1
alesha,1
ruben,1
ида,2
иляна,2
лала,2
салим,1
саркис,1
юнона,2
alia,2
ben,1
shurik,1
айзада,2
айк,1
аяна,2
вугар,1
далер,1
рифкат,1
chris,1
edward,1
ellen,2
jon,1
karolina,2
sebastian,1
tosha,2
анель,2
асланбек,1
ваге,1
гурам,1
лайла,2
леон,1
максат,1
седа,1
сильвия,2
фуад,1
ines,2
ninel,2
ursula,2
агния,2
алмас,1
нона,2
степа,1
этери,1
юнус,1
ernest,1
ganna,2
sophia,2
sylvia,2
вальтер,1
даяна,2
жасулан,1
заурбек,1
ильсияр,1
марфа,2
надир,1
орхан,1
ранис,1
сандра,2
улугбек,1
эллада,2
michelle,2
аман,1
дархан,1
кристиан,1
остап,1
bettina,2
elisabeth,2
julie,2
richard,1
агнесса,2
бронислав,1
ванда,2
имран,1
кадрия,2
лили,2
марика,2
нурбек,1
прасковья,2
радислав,1
рината,2
руфат,1
северин,1
серегей,1
сона,2
темирлан,1
флора,2
юсуп,1
catherine,2
princess,2
аяз,1
балжан,2
гаяна,2
данара,2
залим,1
зозуля,2
рамзан,1
ризван,1
симон,1
томас,1
aisha,2
karl,1
kristin,2
marco,1
rima,2
rudolf,1
vitalya,2
аристарх,1
ганна,2
дарига,2
демид,1
жибек,2
райхан,1
ричард,1
сабир,1
стефания,2
таймураз,1
улан,1
pavlo,1
silva,2
ulrike,2
гусейн,1
ирэн,1
натела,2
трофим,1
энже,2
galia,2
janine,2
lea,2
lesia,2
marcel,1
oliver,1
аделия,2
гордей,1
закир,1
курбан,1
осман,1
фаррух,1
эльман,1
энвер,1
lolita,2
romeo,1
sophie,2
stan,1
varya,2
veronica,2
акоп,1
жансая,2
мунира,2
рахим,1
сухроб,1
фарход,1
benjamin,1
kesha,2
kevin,1
luka,1
raya,2
григор,1
дарьяна,2
рамиз,1
татевик,2
шавкат,1
шахноза,2
юлдуз,2
kiril,1
борислав,1
валерьян,1
гаджимурад,1
гульсара,2
сария,2
теймур,1
тельман,1
ума,2
элона,2
kristy,2
ариадна,2
арпине,2
ахмад,1
идрис,1
рузиль,2
feliks,1
james,1
rebecca,2
yvonne,2
айгуля,2
бекзат,1
гавриил,1
мишель,1
мухаммад,1
пелагея,2
рахман,1
хабиб,1
эльнур,1
юнна,2
denise,2
tasya,2
vasilina,2
werner,1
zhora,1
анаргуль,2
марлен,2
назиля,2
назир,1
насима,2
олександра,2
севда,2
славина,2
стрижак,1
тамилла,2
юна,2
katherine,2
lorik,2
nora,2
walter,1
гюнель,2
игнатий,1
керим,1
майкл,1
тогжан,2
элена,2
эржена,2
alana,2
annika,2
eliza,2
lucia,2
marc,1
soroka,2
абай,1
грета,2
гузяль,2
даниял,1
дрозд,1
жанетта,2
жания,2
ильсия,2
лизавета,2
тенгиз,1
тереза,2
эдита,2
anika,2
gerda,2
kai,2
karmen,2
michel,1
terra,2
айдос,1
антонио,1
аршак,1
влас,1
гавриш,1
джулия,2
еркебулан,1
зульфат,1
карэн,1
лениза,2
мстислав,1
офелия,2
эльмар,1
caroline,2
liliana,2
lyalya,2
malvina,2
natacha,2
samira,2
мара,2
мустафа,1
хачатур,1
alona,2
katyushka,2
адольф,1
гульчачак,1
жаннета,2
иоланта,2
карл,1
яша,1
melissa,2
ramona,2
rosa,2
sana,2
sashenka,2
sona,2
stephan,1
викентий,1
вилен,1
гульфира,2
дзерасса,2
жаннат,1
капитолина,2
лазарь,1
самсон,1
adrian,1
alesia,2
grigor,1
kleopatra,2
lela,2
mashenka,2
polly,2
tobias,1
zoia,2
абзал,1
астемир,1
аюна,2
баира,2
бибинур,1
вета,2
глафира,2
джамиль,1
жанель,2
нюргуяна,2
таисья,2
талия,2
таша,2
хатуна,2
хетаг,1
хусейн,1
эльвин,1
эльхан,1
jacqueline,2
nyura,2
simona,2
айгул,1
владилен,1
гаврил,1
зафар,1
зита,2
зоряна,2
нагима,2
нора,2
рамил,1
рауза,2
тахмина,2
хаким,1
хуршед,1
элизабет,2
astrid,2
christiane,2
janina,2
аина,2
айслу,2
алуа,1
анжелина,2
галымжан,1
гамид,1
залия,2
зиннур,1
илларион,1
саша,0
женя,0
слава,0
килиан,1
kilian,1
mariate,1
arenosky,1
rodri,1
sofia,2
софия,2
anhara,2
fer,1
guille,1
zhuraida,2
yayo,1
muels,1
elia,2
cris,2
diarmuid,1
juancho,1
rafaverguis,1
javila,1