name,name.new,type
admin,na,na
leo,na,na
china,na,na
ninok,na,na
delo,na,na
brain,na,na
zlo,na,na
black,na,na
tok,na,na
prok,na,na
mina,na,na
aiko,na,na
olo,na,na
ololo,na,na
aina,na,na
angelok,na,na
apelsin,na,na
assassin,na,na
autoreg,na,na
azov,na,na
beliy,na,na
berlin,na,na
bina,na,na
blin,na,na
chuk,na,na
crow,na,na
danko,na,na
dec,na,na
delfin,na,na
deva,na,na
dok,na,na
dolina,na,na
dolphin,na,na
eko,na,na
encko,na,na
filina,na,na
gluk,na,na
goblin,na,na
golova,na,na
grach,na,na
guk,na,na
hakobyan,na,na
hello,na,na
iurii,na,na
kain,na,na
katenok,na,na
kiev,na,na
kina,na,na
klin,na,na
koko,na,na
kotenok,na,na
kova,na,na
kuk,na,na
leva,na,na
liliy,na,na
lisa,na,na
lisenok,na,na
login,na,na
loko,na,na
luk,na,na
magazin,na,na
mako,na,na
malenkaya,na,na
mandarin,na,na
manko,na,na
mariy,na,na
marko,na,na
angelo,na,na
kok,na,na
lesenok,na,na
melkaya,na,na
miko,na,na
milaya,na,na
morskaya,na,na
moscow,na,na
moskow,na,na
naya,na,na
neko,na,na
nemec,na,na
neva,na,na
niko,na,na
nnov,na,na
nova,na,na
odin,na,na
ostrov,na,na
pauk,na,na
pingvin,na,na
polin,na,na
pskov,na,na
rain,na,na
rainbow,na,na
rec,na,na
redko,na,na
reva,na,na
ronin,na,na
rostov,na,na
tambov,na,na
saratov,na,na
saratov,na,na
saya,na,na
shadow,na,na
shev,na,na
sheva,na,na
show,na,na
sko,na,na
sladkaya,na,na
snow,na,na
solnishko,na,na
solnyshko,na,na
spec,na,na
svetlaya,na,na
taya,na,na
test,na,na
vanina,na,na
viko,na,na
vitalina,na,na
vitamin,na,na
voin,na,na
vredina,na,na
yanina,na,na
yellow,na,na
yurin,na,na
yurina,na,na
zaya,na,na
zlaya,na,na
zolotko,na,na
админ,na,na
гость,na,na
пользователь,na,na
тест,na,na
рок,na,na
уважаемый,na,na
флоктори,na,na
abaeva,абаева,last
abakumova,абакумова,last
abbasov,аббасов,last
abdullaev,абдуллаев,last
abdullaeva,абдуллаева,last
abdullin,абдуллин,last
abdullina,абдуллина,last
abramenko,абраменко,last
abramov,абрамов,last
abramova,абрамова,last
abramyan,абрамян,last
abrosimov,абросимов,last
abrosimova,абросимова,last
avagyan,авагян,last
avakyan,авакян,last
avdeev,авдеев,last
avdeeva,авдеева,last
averin,аверин,last
averina,аверина,last
averyanova,аверьянова,last
avetisyan,аветисян,last
avilova,авилова,last
avramenko,авраменко,last
agaev,агаев,last
agaeva,агаева,last
agapov,агапов,last
agapova,агапова,last
agafonov,агафонов,last
agafonova,агафонова,last
ageev,агеев,last
ageeva,агеева,last
adamova,адамова,last
azarov,азаров,last
azarova,азарова,last
azat,азат,first
azizov,азизов,last
azizova,азизова,last
ayvazyan,айвазян,last
aida,аида,first
aidar,айдар,first
akimov,акимов,last
akimova,акимова,last
akopyan,акопян,last
aksenov,аксенов,last
aksenova,аксенова,last
akulov,акулов,last
akulova,акулова,last
alaverdyan,алавердян,last
alevtina,алевтина,first
aleks,александр,first
aleksander,александр,first
aleksandr,александр,first
alexander,александр,first
alexandr,александр,first
sanek,александр,first
sanya,александр,first
shura,александр,first
алекс,александр,first
олександр,александр,first
саня,александр,first
aleksandra,александра,first
alexandra,александра,first
aleksandrov,александров,last
alexandrov,александров,last
aleksandrova,александрова,last
alexandrova,александрова,last
aleksanyan,алексанян,last
alekseev,алексеев,last
alexeev,алексеев,last
alekseeva,алексеева,last
alexeeva,алексеева,last
alekseenko,алексеенко,last
aleksei,алексей,first
aleksey,алексей,first
alexei,алексей,first
alexey,алексей,first
leha,алексей,first
lelik,алексей,first
lesha,алексей,first
lexa,алексей,first
алеша,алексей,first
лёха,алексей,first
леша,алексей,first
alena,алена,first
alenka,алена,first
alyona,алена,first
алёна,алена,first
аленка,алена,first
алёнка,алена,first
ална,алена,first
alekhina,алехина,last
aleshin,алешин,last
aleshina,алешина,last
aliev,алиев,last
alieva,алиева,last
alimov,алимов,last
alimova,алимова,last
alin,алин,last
alina,алина,first
alinka,алина,first
alisa,алиса,first
alla,алла,first
alpatova,алпатова,last
alferov,алферов,last
alferova,алферова,last
albert,альберт,first
albina,альбина,first
amelin,амелин,last
amelina,амелина,last
amin,амин,last
amina,амина,first
aminov,аминов,last
aminova,аминова,last
amirov,амиров,last
amirova,амирова,last
ananeva,ананьева,last
anastasia,анастасия,first
anastasiia,анастасия,first
anastasija,анастасия,first
anastasiy,анастасия,first
anastasiya,анастасия,first
nastena,анастасия,first
nastenka,анастасия,first
nastia,анастасия,first
nastya,анастасия,first
настасья,анастасия,first
настюшка,анастасия,first
настя,анастасия,first
anatolii,анатолий,first
anatoliy,анатолий,first
anatoly,анатолий,first
tolik,анатолий,first
tolya,анатолий,first
tolyan,анатолий,last
angelina,ангелина,first
andreev,андреев,last
andreeva,андреева,last
andr,андрей,first
andre,андрей,first
andrei,андрей,first
andrej,андрей,first
andrew,андрей,first
andrey,андрей,first
andriy,андрей,last
andrianov,андрианов,last
andrianova,андрианова,last
andrienko,андриенко,last
andriyanova,андриянова,last
andronova,андронова,last
androsov,андросов,last
androsova,андросова,last
anzhela,анжела,first
anikeeva,аникеева,last
anikin,аникин,last
anikina,аникина,last
anisimov,анисимов,last
anisimova,анисимова,last
anita,анита,first
ana,анна,first
anechka,анна,first
anja,анна,first
anka,анна,first
ann,анна,first
anna,анна,first
anuta,анна,first
anya,анна,first
анечка,анна,first
анюта,анна,first
анютка,анна,first
аня,анна,first
anosov,аносов,last
anosova,аносова,last
anokhin,анохин,last
anohina,анохина,last
anokhina,анохина,last
antipin,антипин,last
antipina,антипина,last
antipov,антипов,last
antipova,антипова,last
anton,антон,first
antonenko,антоненко,last
antonina,антонина,first
antonov,антонов,last
antonova,антонова,last
antonyuk,антонюк,last
antonyan,антонян,last
antropov,антропов,last
antropova,антропова,last
anufriev,ануфриев,last
anufrieva,ануфриева,last
arakelyan,аракелян,last
arapova,арапова,last
arbuzova,арбузова,last
arefeva,арефьева,last
arina,арина,first
aristov,аристов,last
aristova,аристова,last
arkadiy,аркадий,last
arkady,аркадий,first
arseniy,арсений,last
arslanova,арсланова,last
artamonov,артамонов,last
artamonova,артамонова,last
artem,артем,first
artyom,артем,first
tema,артем,first
артём,артем,first
артм,артем,first
тема,артем,first
тёма,артем,first
artemenko,артеменко,last
artemiy,артемий,last
artemov,артемов,last
artemova,артемова,last
artemev,артемьев,last
artemeva,артемьева,last
arthur,артур,first
artur,артур,first
arutyunyan,арутюнян,last
arhipov,архипов,last
arkhipov,архипов,last
arhipova,архипова,last
arkhipova,архипова,last
asanov,асанов,last
asanova,асанова,last
asatryan,асатрян,last
aseeva,асеева,last
askarova,аскарова,last
aslanov,асланов,last
aslanova,асланова,last
astafeva,астафьева,last
astakhov,астахов,last
astahova,астахова,last
astakhova,астахова,last
asya,ася,first
afanasev,афанасьев,last
afanasiev,афанасьев,last
afanasyev,афанасьев,last
afanaseva,афанасьева,last
afanasieva,афанасьева,last
afanasyeva,афанасьева,last
afina,афина,last
afonin,афонин,last
afonina,афонина,last
ahmedov,ахмедов,last
akhmedov,ахмедов,last
ahmedova,ахмедова,last
akhmedova,ахмедова,last
ahmetov,ахметов,last
akhmetov,ахметов,last
ahmetova,ахметова,last
akhmetova,ахметова,last
babaev,бабаев,last
babaeva,бабаева,last
babayan,бабаян,last
babenko,бабенко,last
babin,бабин,last
babina,бабина,last
babkin,бабкин,last
babkina,бабкина,last
babushkin,бабушкин,last
babushkina,бабушкина,last
bagaev,багаев,last
bagaeva,багаева,last
bagdasaryan,багдасарян,last
badalyan,бадалян,last
badmaeva,бадмаева,last
baev,баев,last
baeva,баева,last
bazhenov,баженов,last
bazhenova,баженова,last
bazarov,базаров,last
bazarova,базарова,last
baykova,байкова,last
bakanova,баканова,last
bakulin,бакулин,last
bakulina,бакулина,last
balabanov,балабанов,last
balabanova,балабанова,last
balakin,балакин,last
balakina,балакина,last
balandin,баландин,last
balandina,баландина,last
balashov,балашов,last
balashova,балашова,last
bannikov,банников,last
bannikova,банникова,last
barabanova,барабанова,last
baranov,баранов,last
baranova,баранова,last
barinov,баринов,last
barinova,баринова,last
barkov,барков,last
barkova,баркова,last
barmina,бармина,last
barsukov,барсуков,last
barsukova,барсукова,last
baryshev,барышев,last
barysheva,барышева,last
baryshnikov,барышников,last
baryshnikova,барышникова,last
baskakova,баскакова,last
basov,басов,last
basova,басова,last
batalova,баталова,last
baturin,батурин,last
baturina,батурина,last
bashirova,баширова,last
bezrukov,безруков,last
bezrukova,безрукова,last
belaya,белая,last
belikov,беликов,last
belikova,беликова,last
belkin,белкин,last
belkina,белкина,last
belkova,белкова,last
beloborodova,белобородова,last
belov,белов,last
belova,белова,last
belozerov,белозеров,last
belozerova,белозерова,last
belousov,белоусов,last
belousova,белоусова,last
belyaev,беляев,last
belyaeva,беляева,last
belyakov,беляков,last
belyakova,белякова,last
berdnikov,бердников,last
berdnikova,бердникова,last
berezhnaya,бережная,last
berezin,березин,last
berezina,березина,last
berezovskaya,березовская,last
beresneva,береснева,last
berseneva,берсенева,last
besedina,беседина,last
bespalov,беспалов,last
bespalova,беспалова,last
bessonov,бессонов,last
bessonova,бессонова,last
biryukov,бирюков,last
birukova,бирюкова,last
biryukova,бирюкова,last
blinov,блинов,last
blinova,блинова,last
blokhin,блохин,last
blokhina,блохина,last
bobkov,бобков,last
bobkova,бобкова,last
bobrov,бобров,last
bobrova,боброва,last
bobylev,бобылев,last
bobyleva,бобылева,last
bogatova,богатова,last
bogatyrev,богатырев,last
bogatyreva,богатырева,last
bogachev,богачев,last
bogacheva,богачева,last
bogdanov,богданов,last
bogdanova,богданова,last
bogomolov,богомолов,last
bogomolova,богомолова,last
bodrov,бодров,last
bodrova,бодрова,last
boeva,боева,last
bozhko,божко,last
boiko,бойко,last
boyko,бойко,last
boykova,бойкова,last
bokov,боков,last
bokova,бокова,last
boldyrev,болдырев,last
boldyreva,болдырева,last
bolotov,болотов,last
bolotova,болотова,last
bolshakov,большаков,last
bolshakova,большакова,last
bondarev,бондарев,last
bondareva,бондарева,last
bondarenko,бондаренко,last
bondarchuk,бондарчук,last
boris,борис,first
боря,борис,first
borisenko,борисенко,last
borisov,борисов,last
borisova,борисова,last
borovikova,боровикова,last
borovkova,боровкова,last
borodin,бородин,last
borodina,бородина,last
borodulina,бородулина,last
bocharov,бочаров,last
bocharova,бочарова,last
bochkarev,бочкарев,last
bochkareva,бочкарева,last
bochkova,бочкова,last
bragin,брагин,last
bragina,брагина,last
bubnov,бубнов,last
bubnova,бубнова,last
bugaev,бугаев,last
bugaeva,бугаева,last
bugrova,бугрова,last
budaeva,будаева,last
budanova,буданова,last
bukin,букин,last
bukina,букина,last
bukreeva,букреева,last
bulanov,буланов,last
bulanova,буланова,last
bulatov,булатов,last
bulatova,булатова,last
bulgakov,булгаков,last
bulgakova,булгакова,last
buldakova,булдакова,last
bulygina,булыгина,last
bulycheva,булычева,last
bunina,бунина,last
burakova,буракова,last
burkov,бурков,last
burkova,буркова,last
burlakova,бурлакова,last
burmistrov,бурмистров,last
burmistrova,бурмистрова,last
burov,буров,last
burova,бурова,last
burtsev,бурцев,last
burtseva,бурцева,last
butakova,бутакова,last
butenko,бутенко,last
butko,бутко,last
butova,бутова,last
butorina,буторина,last
bushueva,бушуева,last
buyanova,буянова,last
bykov,быков,last
bykova,быкова,last
bystrov,быстров,last
bystrova,быстрова,last
bychkov,бычков,last
bychkova,бычкова,last
бэла,бэлла,first
vavilov,вавилов,last
vavilova,вавилова,last
vaganov,ваганов,last
vaganova,ваганова,last
vadim,вадим,first
vakulenko,вакуленко,last
valeev,валеев,last
valeeva,валеева,last
valentin,валентин,first
valentina,валентина,first
valya,валентина,first
valera,валерий,first
valerii,валерий,first
valeriy,валерий,first
valery,валерий,first
валера,валерий,first
valeria,валерия,first
valeriya,валерия,first
valiev,валиев,last
valieva,валиева,last
valiullin,валиуллин,last
valova,валова,last
varvara,варвара,first
vardanyan,варданян,last
varlamov,варламов,last
varlamova,варламова,last
vasilenko,василенко,last
vasia,василий,first
vasilii,василий,first
vasiliy,василий,first
vasily,василий,first
vasya,василий,first
вася,василий,first
vasilisa,василиса,first
vasilev,васильев,last
vasiliev,васильев,last
vasilyev,васильев,last
vasileva,васильева,last
vasilieva,васильева,last
vasilyeva,васильева,last
vasilchenko,васильченко,last
vasin,васин,last
vasina,васина,last
vashchenko,ващенко,last
vdovenko,вдовенко,last
vdovin,вдовин,last
vdovina,вдовина,last
vedernikov,ведерников,last
vedernikova,ведерникова,last
velichko,величко,last
veniamin,вениамин,last
vera,вера,first
veronika,вероника,first
vershinin,вершинин,last
vershinina,вершинина,last
veselov,веселов,last
veselova,веселова,last
vetrov,ветров,last
vetrova,ветрова,last
victor,виктор,first
viktor,виктор,first
витя,виктор,first
victoria,виктория,first
vika,виктория,first
viktoria,виктория,first
viktoriy,виктория,last
viktoriya,виктория,first
вика,виктория,first
viktorov,викторов,last
viktorova,викторова,last
vilkova,вилкова,last
vinogradov,виноградов,last
vinogradova,виноградова,last
vinokurov,винокуров,last
vinokurova,винокурова,last
vita,вита,first
vitalii,виталии,last
vitalik,виталий,first
vitaliy,виталий,first
vitaly,виталий,first
виталик,виталий,first
vishnevskaya,вишневская,last
vishnyakov,вишняков,last
vishnyakova,вишнякова,last
vlada,влада,first
vladimir,владимир,first
vova,владимир,first
vovan,владимир,first
wowa,владимир,last
владимр,владимир,first
вова,владимир,first
володимир,владимир,first
володя,владимир,first
vladimirov,владимиров,last
vladimirova,владимирова,last
vlad,владислав,first
vladislav,владислав,first
влад,владислав,first
vlasenko,власенко,last
vlasov,власов,last
vlasova,власова,last
voevodina,воеводина,last
volgina,волгина,last
volkov,волков,last
volkova,волкова,last
volobueva,волобуева,last
volodin,володин,last
volodina,володина,last
voloshin,волошин,last
voloshina,волошина,last
vorobeva,воробева,last
vorobev,воробьев,last
vorobiev,воробьев,last
vorobyev,воробьев,last
vorobyeva,воробьев,last
vorobyov,воробьев,last
vorobieva,воробьева,last
vorobyova,воробьева,last
voronin,воронин,last
voronina,воронина,last
voronkov,воронков,last
voronkova,воронкова,last
voronov,воронов,last
voronova,воронова,last
vorontsov,воронцов,last
voroncova,воронцова,last
vorontsova,воронцова,last
voropaev,воропаев,last
voropaeva,воропаева,last
voroshilova,ворошилова,last
voskanyan,восканян,last
vostrikov,востриков,last
vostrikova,вострикова,last
vyatkin,вяткин,last
vyatkina,вяткина,last
viacheslav,вячеслав,first
vyacheslav,вячеслав,first
вечеслав,вячеслав,first
gavrikova,гаврикова,last
gavrilenko,гавриленко,last
gavrilina,гаврилина,last
gavrilov,гаврилов,last
gavrilova,гаврилова,last
gavrilyuk,гаврилюк,last
gagarin,гагарин,last
gagarina,гагарина,last
gadzhiev,гаджиев,last
gadzhieva,гаджиева,last
gazizov,газизов,last
gazizova,газизова,last
galeev,галеев,last
galeeva,галеева,last
galiev,галиев,last
galieva,галиева,last
galimov,галимов,last
galimova,галимова,last
galin,галин,last
gala,галина,first
galina,галина,first
galya,галина,first
galkin,галкин,last
galkina,галкина,last
galstyan,галстян,last
ganiev,ганиев,last
ganieva,ганиева,last
ganin,ганин,last
ganina,ганина,last
garaev,гараев,last
garaeva,гараева,last
garanin,гаранин,last
garanina,гаранина,last
gareev,гареев,last
gareeva,гареева,last
garin,гарин,last
garipov,гарипов,last
garipova,гарипова,last
gasanov,гасанов,last
gasanova,гасанова,last
gasparyan,гаспарян,last
gafarova,гафарова,last
gafurov,гафуров,last
gvozdev,гвоздев,last
gvozdeva,гвоздева,last
gevorgyan,геворгян,last
gevorkyan,геворкян,last
generalova,генералова,last
gena,геннадий,first
gennadii,геннадий,last
gennadiy,геннадий,first
гена,геннадий,first
генадий,геннадий,first
georgii,георгий,last
georgiy,георгий,first
гоша,георгий,first
жора,георгий,first
gerasimenko,герасименко,last
gerasimov,герасимов,last
gerasimova,герасимова,last
gilev,гилев,last
gileva,гилева,last
gilmanova,гильманова,last
gladkov,гладков,last
gladkova,гладкова,last
gladyshev,гладышев,last
gladysheva,гладышева,last
glazkov,глазков,last
glazkova,глазкова,last
glazova,глазова,last
glazunov,глазунов,last
glazunova,глазунова,last
gleb,глеб,first
glebov,глебов,last
glebova,глебова,last
glotov,глотов,last
glotova,глотова,last
glukhov,глухов,last
gluhova,глухова,last
glukhova,глухова,last
glushko,глушко,last
glushkov,глушков,last
glushkova,глушкова,last
govorova,говорова,last
gogoleva,гоголева,last
golikov,голиков,last
golikova,голикова,last
golovanov,голованов,last
golovanova,голованова,last
golovin,головин,last
golovina,головина,last
golovko,головко,last
golovchenko,головченко,last
golubev,голубев,last
golubeva,голубева,last
golubkova,голубкова,last
goncharenko,гончаренко,last
goncharov,гончаров,last
goncharova,гончарова,last
goncharuk,гончарук,last
gorbatenko,горбатенко,last
gorbachev,горбачев,last
gorbacheva,горбачева,last
gorbenko,горбенко,last
gorbunov,горбунов,last
gorbunova,горбунова,last
gordeev,гордеев,last
gordeeva,гордеева,last
gordienko,гордиенко,last
gorelov,горелов,last
gorelova,горелова,last
gorin,горин,last
gorina,горина,last
gorlov,горлов,last
gorlova,горлова,last
gorokhov,горохов,last
gorohova,горохова,last
gorokhova,горохова,last
gorshkov,горшков,last
gorshkova,горшкова,last
goryunova,горюнова,last
goryachev,горячев,last
goryacheva,горячева,last
gosteva,гостева,last
grachev,грачев,last
gracheva,грачева,last
grebenyuk,гребенюк,last
grebneva,гребнева,last
gregory,грегорий,first
grekova,грекова,last
gribanov,грибанов,last
gribanova,грибанова,last
gribova,грибова,last
grigorenko,григоренко,last
grigorii,григорий,first
grigoriy,григорий,first
grisha,григорий,first
grigorev,григорьев,last
grigoriev,григорьев,last
grigoryev,григорьев,last
grigoreva,григорьева,last
grigorieva,григорьева,last
grigoryeva,григорьева,last
grigoryan,григорян,last
gridnev,гриднев,last
gridneva,гриднева,last
grin,грин,last
grinko,гринько,last
gritsenko,гриценко,last
grishin,гришин,last
grishina,гришина,last
grishchenko,грищенко,last
gromov,громов,last
gromova,громова,last
grosheva,грошева,last
gruzdev,груздев,last
gruzdeva,груздева,last
gubanov,губанов,last
gubanova,губанова,last
gubareva,губарева,last
gubin,губин,last
gubina,губина,last
gudkov,гудков,last
gudkova,гудкова,last
gulnara,гульнара,first
gulyaev,гуляев,last
gulyaeva,гуляева,last
gureeva,гуреева,last
gurin,гурин,last
gurina,гурина,last
gurov,гуров,last
gurova,гурова,last
guryanova,гурьянова,last
gusakova,гусакова,last
gusarov,гусаров,last
gusarova,гусарова,last
gusev,гусев,last
guseva,гусева,last
guseynov,гусейнов,last
guseynova,гусейнова,last
guskov,гуськов,last
guskova,гуськова,last
gushchin,гущин,last
gushchina,гущина,last
davidenko,давиденко,last
davtyan,давтян,last
davydenko,давыденко,last
davidov,давыдов,last
davydov,давыдов,last
davidova,давыдова,last
davydova,давыдова,last
danielyan,даниелян,last
daniil,даниил,first
danil,даниил,first
данил,даниил,first
данила,даниил,first
danilenko,даниленко,last
danilin,данилин,last
danilina,данилина,last
danilov,данилов,last
danilova,данилова,last
danilchenko,данильченко,last
darina,дарина,last
daria,дарья,first
darja,дарья,first
darya,дарья,first
dasha,дарья,first
даша,дарья,first
dautova,даутова,last
degtyarev,дегтярев,last
degtyareva,дегтярева,last
dedova,дедова,last
deev,деев,last
deeva,деева,last
dementev,дементьев,last
dementeva,дементьева,last
demidenko,демиденко,last
demidov,демидов,last
demidova,демидова,last
demin,демин,last
demina,демина,last
demchenko,демченко,last
demyanenko,демьяненко,last
den,денис,first
denis,денис,first
dennis,денис,first
дени,денис,first
denisenko,денисенко,last
denisov,денисов,last
denisova,денисова,last
derevyanko,деревянко,last
derkach,деркач,last
deryabina,дерябина,last
diana,диана,first
dianova,дианова,last
didenko,диденко,last
dina,дина,first
dinara,динара,first
dmitrenko,дмитренко,last
dmitriev,дмитриев,last
dmitrieva,дмитриева,last
dmitrienko,дмитриенко,last
dima,дмитрий,first
diman,дмитрий,first
dimon,дмитрий,first
dmitrii,дмитрий,first
dmitriy,дмитрий,first
dmitry,дмитрий,first
дима,дмитрий,first
димитрий,дмитрий,first
дмтрий,дмитрий,first
dobrynin,добрынин,last
dobrynina,добрынина,last
dolgov,долгов,last
dolgova,долгова,last
dolgopolov,долгополов,last
dolgopolova,долгополова,last
dolmatova,долматова,last
donskaya,донская,last
doronin,доронин,last
doronina,доронина,last
dorofeev,дорофеев,last
dorofeeva,дорофеева,last
doroshenko,дорошенко,last
dotsenko,доценко,last
drozdov,дроздов,last
drozdova,дроздова,last
dronov,дронов,last
dronova,дронова,last
druzhinin,дружинин,last
druzhinina,дружинина,last
dubinin,дубинин,last
dubinina,дубинина,last
dubova,дубова,last
dubrovin,дубровин,last
dubrovina,дубровина,last
dubrovskaya,дубровская,last
dudareva,дударева,last
dudin,дудин,last
dudina,дудина,last
dudkin,дудкин,last
dudkina,дудкина,last
dudko,дудко,last
dunaev,дунаев,last
dunaeva,дунаева,last
dyakov,дьяков,last
dyakova,дьякова,last
dyakonov,дьяконов,last
dyachenko,дяченко,last
eva,ева,first
eugene,евгений,first
evgenii,евгений,first
evgeniy,евгений,first
evgeny,евгений,first
yevgeniy,евгений,last
eugenia,евгения,first
evgenia,евгения,first
evgeniia,евгения,first
evgeniya,евгения,first
evgenya,евгения,first
evdokimov,евдокимов,last
evdokimova,евдокимова,last
evseev,евсеев,last
evseeva,евсеева,last
evtushenko,евтушенко,last
egor,егор,first
egorov,егоров,last
egorova,егорова,last
ezhov,ежов,last
ezhova,ежова,last
ecaterina,екатерина,last
ekaterin,екатерина,last
ekaterina,екатерина,first
eкатерина,екатерина,last
kate,екатерина,first
katerin,екатерина,last
katerina,екатерина,first
katerinka,екатерина,first
katia,екатерина,first
katja,екатерина,first
katya,екатерина,first
ketrin,екатерина,last
yekaterina,екатерина,first
катерина,екатерина,first
катюша,екатерина,first
катюшка,екатерина,first
катя,екатерина,first
ekimova,екимова,last
elen,елена,first
elena,елена,first
eлена,елена,first
helena,елена,first
jelena,елена,first
lena,елена,first
lenochka,елена,first
lenok,елена,first
yelena,елена,first
лена,елена,first
леночка,елена,first
elizaveta,елизавета,first
lisa,елизавета,first
liza,елизавета,first
лиза,елизавета,first
elizarov,елизаров,last
elizarova,елизарова,last
eliseev,елисеев,last
eliseeva,елисеева,last
elistratova,елистратова,last
elkin,елкин,last
elkina,елкина,last
emelianov,емельянов,last
emelyanov,емельянов,last
emelianova,емельянова,last
emelyanova,емельянова,last
enko,енко,last
epifanova,епифанова,last
eremeev,еремеев,last
eremeeva,еремеева,last
eremenko,еременко,last
eremin,еремин,last
eremina,еремина,last
erina,ерина,last
ermakov,ермаков,last
ermakova,ермакова,last
ermilov,ермилов,last
ermilova,ермилова,last
ermolaev,ермолаев,last
ermolaeva,ермолаева,last
ermolenko,ермоленко,last
ermolova,ермолова,last
erofeev,ерофеев,last
erofeeva,ерофеева,last
erokhin,ерохин,last
erohina,ерохина,last
erokhina,ерохина,last
ershov,ершов,last
ershova,ершова,last
esina,есина,last
efanova,ефанова,last
efimenko,ефименко,last
efimov,ефимов,last
efimova,ефимова,last
efremenko,ефременко,last
efremov,ефремов,last
efremova,ефремова,last
zhanna,жанна,first
zharikova,жарикова,last
zharkov,жарков,last
zharkova,жаркова,last
zharov,жаров,last
zharova,жарова,last
zhdanov,жданов,last
zhdanova,жданова,last
zhenya,женя,first
zhidkov,жидков,last
zhidkova,жидкова,last
zhilin,жилин,last
zhilina,жилина,last
zhirnova,жирнова,last
zhuk,жук,last
zhukov,жуков,last
zhukova,жукова,last
zhuravlev,журавлев,last
zhuravleva,журавлева,last
zabelin,забелин,last
zabelina,забелина,last
zavyalov,завьялов,last
zavyalova,завьялова,last
zaikin,заикин,last
zaikina,заикина,last
zaitsev,зайцев,last
zaycev,зайцев,last
zaytsev,зайцев,last
zaiceva,зайцева,last
zaitseva,зайцева,last
zayceva,зайцева,last
zaytseva,зайцева,last
zakirov,закиров,last
zakirova,закирова,last
zalina,залина,last
zarina,зарина,last
zaripov,зарипов,last
zaripova,зарипова,last
zarubin,зарубин,last
zarubina,зарубина,last
zaharov,захаров,last
zakharov,захаров,last
zaharova,захарова,last
zakharova,захарова,last
zaxarova,захарова,last
zakharchenko,захарченко,last
zverev,зверев,last
zvereva,зверева,last
zelenin,зеленин,last
zelenina,зеленина,last
zenin,зенин,last
zenina,зенина,last
zenkova,зенкова,last
zimin,зимин,last
zimina,зимина,last
zinaida,зинаида,first
zinovev,зиновьев,last
zinoveva,зиновьева,last
zinchenko,зинченко,last
zlobin,злобин,last
zlobina,злобина,last
zolotarev,золотарев,last
zolotareva,золотарева,last
zolotov,золотов,last
zolotova,золотова,last
zolotukhin,золотухин,last
zorin,зорин,last
zorina,зорина,last
zotov,зотов,last
zotova,зотова,last
zoya,зоя,first
zubarev,зубарев,last
zubareva,зубарева,last
zubenko,зубенко,last
zubkov,зубков,last
zubkova,зубкова,last
zubov,зубов,last
zubova,зубова,last
zuev,зуев,last
zueva,зуева,last
zykov,зыков,last
zykova,зыкова,last
zyryanov,зырянов,last
zyryanova,зырянова,last
ibragimov,ибрагимов,last
ibragimova,ибрагимова,last
ivan,иван,first
vanya,иван,first
ваня,иван,first
ivanenko,иваненко,last
ivankova,иванкова,last
ivannikova,иванникова,last
ivanoff,иванов,last
ivanov,иванов,last
ivanova,иванова,last
ivanchenko,иванченко,last
ivashchenko,иващенко,last
ivlev,ивлев,last
ivleva,ивлева,last
ivchenko,ивченко,last
ignatenko,игнатенко,last
ignatov,игнатов,last
ignatova,игнатова,last
ignatev,игнатьев,last
ignatyev,игнатьев,last
ignateva,игнатьева,last
ignatyeva,игнатьева,last
igor,игорь,first
igorek,игорь,first
idrisov,идрисов,last
idrisova,идрисова,last
izmailova,измайлова,last
izotov,изотов,last
izotova,изотова,last
illarionova,илларионова,last
ilona,илона,first
ildar,ильдар,first
ilin,ильин,last
ilyin,ильин,last
ilyina,ильина,last
ilicheva,ильичева,last
ilchenko,ильченко,last
ilia,илья,first
ilja,илья,first
ilya,илья,first
ilyasov,ильясов,last
ilyasova,илясова,last
inga,инга,first
inessa,инесса,first
inna,инна,first
ionov,ионов,last
ionova,ионова,last
ipatova,ипатова,last
irena,ирена,first
ira,ирина,first
irin,ирина,last
irina,ирина,first
irinka,ирина,first
irisha,ирина,first
irishka,ирина,first
iriska,ирина,first
irochka,ирина,first
ира,ирина,first
иришка,ирина,first
isaev,исаев,last
isaeva,исаева,last
isaenko,исаенко,last
isakov,исаков,last
isakova,исакова,last
islamov,исламов,last
islamova,исламова,last
ismagilov,исмагилов,last
ismagilova,исмагилова,last
ismailov,исмаилов,last
ismailova,исмаилова,last
istomin,истомин,last
istomina,истомина,last
iskakova,исхакова,last
ishchenko,ищенко,last
kabanov,кабанов,last
kabanova,кабанова,last
kadyrov,кадыров,last
kadyrova,кадырова,last
kazakov,казаков,last
kazakova,казакова,last
kazanova,казанова,last
kazantsev,казанцев,last
kazanceva,казанцева,last
kazantseva,казанцева,last
kazaryan,казарян,last
kalacheva,калачева,last
kalashnikov,калашников,last
kalashnikova,калашникова,last
kalieva,калиева,last
kalin,калин,last
kalina,калина,last
kalinin,калинин,last
kalinina,калинина,last
kalinichenko,калиниченко,last
kalinkina,калинкина,last
kalmykov,калмыков,last
kalmykova,калмыкова,last
kalugin,калугин,last
kalugina,калугина,last
kamalov,камалов,last
kamalova,камалова,last
kamenev,каменев,last
kameneva,каменева,last
kaminskaya,каминская,last
kapustin,капустин,last
kapustina,капустина,last
karavaev,караваев,last
karavaeva,караваева,last
karapetyan,карапетян,last
karasev,карасев,last
karaseva,карасева,last
kargina,каргина,last
karev,карев,last
kareva,карева,last
karelin,карелин,last
karelina,карелина,last
karimov,каримов,last
karimova,каримова,last
karina,карина,first
карине,карина,first
karmanov,карманов,last
karmanova,карманова,last
karpenko,карпенко,last
karpov,карпов,last
karpova,карпова,last
kartashov,карташов,last
kartashova,карташова,last
kasatkin,касаткин,last
kasatkina,касаткина,last
kasimov,касимов,last
kasimova,касимова,last
kasyanov,касянов,last
kasyanova,касянова,last
kataev,катаев,last
kataeva,катаева,last
katkov,катков,last
katkova,каткова,last
kashapova,кашапова,last
kashin,кашин,last
kashina,кашина,last
kashirina,каширина,last
kerimov,керимов,last
kerimova,керимова,last
kilina,килина,last
kireev,киреев,last
kireeva,киреева,last
kirienko,кириенко,last
kirilenko,кириленко,last
kirilina,кирилина,last
kirill,кирилл,first
кир,кирилл,first
кирил,кирилл,first
kirillov,кириллов,last
kirillova,кириллова,last
kirilova,кирилова,last
kirilyuk,кирилюк,last
kirina,кирина,last
kirichenko,кириченко,last
kirov,киров,last
kirova,кирова,last
kirsanov,кирсанов,last
kirsanova,кирсанова,last
kiryanova,кирянова,last
kiselev,киселев,last
kiseleva,киселева,last
kislov,кислов,last
kislova,кислова,last
kitaeva,китаева,last
klein,клеин,last
klepikova,клепикова,last
klimenko,клименко,last
klimov,климов,last
klimova,климова,last
klokova,клокова,last
klochkov,клочков,last
klochkova,клочкова,last
klyuev,клюев,last
klyueva,клюева,last
knyazev,князев,last
knyazeva,князева,last
kobeleva,кобелева,last
kobzev,кобзев,last
kobzeva,кобзева,last
kovalev,ковалев,last
kovaleva,ковалева,last
kovalevskaya,ковалевская,last
kovalenko,коваленко,last
kovalchuk,ковальчук,last
kozhevnikov,кожевников,last
kozhevnikova,кожевникова,last
kozhina,кожина,last
kozin,козин,last
kozina,козина,last
kozlov,козлов,last
kozlova,козлова,last
kozlovskaya,козловская,last
kozyrev,козырев,last
kozyreva,козырева,last
kokoreva,кокорева,last
kokorin,кокорин,last
kokorina,кокорина,last
kolesnikov,колесников,last
kolesnikova,колесникова,last
kolesnichenko,колесниченко,last
kolesov,колесов,last
kolesova,колесова,last
kolmakov,колмаков,last
kolmakova,колмакова,last
kolobov,колобов,last
kolobova,колобова,last
kolosov,колосов,last
kolosova,колосова,last
kolpakov,колпаков,last
kolpakova,колпакова,last
kolchina,колчина,last
koltsov,кольцов,last
koltsova,кольцова,last
kolyan,колян,last
komarov,комаров,last
komarova,комарова,last
komissarov,комиссаров,last
komissarova,комиссарова,last
komlev,комлев,last
komleva,комлева,last
kondakov,кондаков,last
kondakova,кондакова,last
kondratenko,кондратенко,last
kondratova,кондратова,last
kondratev,кондратьев,last
kondratyev,кондратьев,last
kondrateva,кондратьева,last
kondratyeva,кондратьева,last
kondratyuk,кондратюк,last
kondrashov,кондрашов,last
kondrashova,кондрашова,last
konev,конев,last
koneva,конева,last
konnova,коннова,last
konovalov,коновалов,last
konovalova,коновалова,last
kononenko,кононенко,last
kononov,кононов,last
kononova,кононова,last
konopleva,коноплева,last
konstantin,константин,first
сonstantin,константин,first
kostia,константин,first
kostya,константин,first
kostyan,константин,last
костя,константин,first
konstantinov,константинов,last
konstantinova,константинова,last
konkov,коньков,last
konkova,конькова,last
kopylov,копылов,last
kopylova,копылова,last
korableva,кораблева,last
korkina,коркина,last
kornev,корнев,last
korneva,корнева,last
korneev,корнеев,last
korneeva,корнеева,last
kornienko,корниенко,last
kornilov,корнилов,last
kornilova,корнилова,last
korobko,коробко,last
korobkov,коробков,last
korobkova,коробкова,last
korobov,коробов,last
korobova,коробова,last
korovin,коровин,last
korovina,коровина,last
korolev,королев,last
koroleva,королева,last
korolkov,корольков,last
korolkova,королькова,last
korostelev,коростелев,last
korosteleva,коростелева,last
korotaeva,коротаева,last
korotkov,коротков,last
korotkova,короткова,last
korsakova,корсакова,last
korchagin,корчагин,last
korchagina,корчагина,last
korshunov,коршунов,last
korshunova,коршунова,last
koryakina,корякина,last
kosarev,косарев,last
kosareva,косарева,last
kosenko,косенко,last
kosov,косов,last
kosova,косова,last
kosolapov,косолапов,last
kosolapova,косолапова,last
kostenko,костенко,last
kostikova,костикова,last
kostin,костин,last
kostina,костина,last
kostyleva,костылева,last
kostyuk,костюк,last
kostyuchenko,костюченко,last
kotelnikov,котельников,last
kotelnikova,котельникова,last
kotenko,котенко,last
kotlyarova,котлярова,last
kotov,котов,last
kotova,котова,last
kochergin,кочергин,last
kochergina,кочергина,last
kochetkov,кочетков,last
kochetkova,кочеткова,last
kochetov,кочетов,last
kochetova,кочетова,last
kochkina,кочкина,last
kochnev,кочнев,last
kochneva,кочнева,last
koshelev,кошелев,last
kosheleva,кошелева,last
koshkin,кошкин,last
koshkina,кошкина,last
kravtsov,кравцов,last
kravcova,кравцова,last
kravtsova,кравцова,last
kravchenko,кравченко,last
kravchuk,кравчук,last
kraeva,краева,last
kramarenko,крамаренко,last
krapivina,крапивина,last
krasavina,красавина,last
krasikova,красикова,last
krasilnikov,красильников,last
krasilnikova,красильникова,last
krasnikova,красникова,last
krasnov,краснов,last
krasnova,краснова,last
krivenko,кривенко,last
krivosheev,кривошеев,last
christina,кристана,first
kristina,кристина,first
крестина,кристина,first
krotov,кротов,last
krotova,кротова,last
kruglov,круглов,last
kruglova,круглова,last
krupina,крупина,last
krutikova,крутикова,last
krutova,крутова,last
krylov,крылов,last
krylova,крылова,last
kryukov,крюков,last
kryukova,крюкова,last
kryuchkov,крючков,last
kryuchkova,крючкова,last
ksenia,ксения,first
kseniia,ксения,first
kseniy,ксения,last
kseniya,ксения,first
ksenya,ксения,first
xenia,ксения,first
ксенья,ксения,first
ксеня,ксения,first
ксюша,ксения,first
kudinov,кудинов,last
kudinova,кудинова,last
kudrin,кудрин,last
kudrina,кудрина,last
kudryavtsev,кудрявцев,last
kudryavceva,кудрявцева,last
kudryavtseva,кудрявцева,last
kudryashov,кудряшов,last
kudryashova,кудряшова,last
kuzin,кузин,last
kuzina,кузина,last
kuznecov,кузнецов,last
kuznetcov,кузнецов,last
kuznetsov,кузнецов,last
kuznecova,кузнецова,last
kuznetcova,кузнецова,last
kuznetsova,кузнецова,last
kuzmenko,кузьменко,last
kuzmin,кузьмин,last
kuzmina,кузьмина,last
kuzmichev,кузьмичев,last
kuzmicheva,кузьмичева,last
kuklin,куклин,last
kuklina,куклина,last
kukushkin,кукушкин,last
kukushkina,кукушкина,last
kulagin,кулагин,last
kulagina,кулагина,last
kulaeva,кулаева,last
kulakov,кулаков,last
kulakova,кулакова,last
kuleshov,кулешов,last
kuleshova,кулешова,last
kulikov,куликов,last
kulikova,куликова,last
kupriyanov,куприянов,last
kupriyanova,куприянова,last
kurbangulov,курбангулов,last
kurbanov,курбанов,last
kurbanova,курбанова,last
kurbatov,курбатов,last
kurbatova,курбатова,last
kurilova,курилова,last
kurkina,куркина,last
kurmanova,курманова,last
kurochkin,курочкин,last
kurochkina,курочкина,last
kustov,кустов,last
kustova,кустова,last
kutuzov,кутузов,last
kutuzova,кутузова,last
kutsenko,куценко,last
kucherenko,кучеренко,last
kucherov,кучеров,last
kucherova,кучерова,last
kuchin,кучин,last
kuchina,кучина,last
lavrenteva,лаврентьева,last
lavrinenko,лавриненко,last
lavrov,лавров,last
lavrova,лаврова,last
lagutina,лагутина,last
lazarev,лазарев,last
lazareva,лазарева,last
lazarenko,лазаренко,last
lanina,ланина,last
lapin,лапин,last
lapina,лапина,last
laptev,лаптев,last
lapteva,лаптева,last
lapshin,лапшин,last
lapshina,лапшина,last
larin,ларин,last
larina,ларина,last
larionov,ларионов,last
larionova,ларионова,last
larisa,лариса,first
larissa,лариса,first
latypov,латыпов,last
latypova,латыпова,last
latysheva,латышева,last
lebedev,лебедев,last
lebedeva,лебедева,last
lev,лев,first
levin,левин,last
levina,левина,last
levchenko,левченко,last
lemeshko,лемешко,last
lenin,ленин,last
leonid,леонид,first
леня,леонид,first
leonov,леонов,last
leonova,леонова,last
leontev,леонтьев,last
leonteva,леонтьева,last
leontyeva,леонтьева,last
lera,лера,first
lida,лидия,first
lidia,лидия,first
lidiia,лидия,first
lidiya,лидия,first
лида,лидия,first
lilia,лилия,first
liliya,лилия,first
lilya,лилия,first
lipatov,липатов,last
lipatova,липатова,last
lisin,лисин,last
lisina,лисина,last
litvin,литвин,last
litvinenko,литвиненко,last
litvinov,литвинов,last
litvinova,литвинова,last
litovchenko,литовченко,last
likhacheva,лихачева,last
lobanov,лобанов,last
lobanova,лобанова,last
lobacheva,лобачева,last
lobov,лобов,last
lobova,лобова,last
logvinova,логвинова,last
loginov,логинов,last
loginova,логинова,last
logunova,логунова,last
lozhkin,ложкин,last
lokteva,локтева,last
lomakin,ломакин,last
lomakina,ломакина,last
lomova,ломова,last
lopatin,лопатин,last
lopatina,лопатина,last
losev,лосев,last
loseva,лосева,last
loskutov,лоскутов,last
loskutova,лоскутова,last
luzina,лузина,last
lukashova,лукашова,last
lukin,лукин,last
lukina,лукина,last
lukyanenko,лукьяненко,last
lukyanov,лукьянов,last
lukyanova,лукьянова,last
lunev,лунев,last
luneva,лунева,last
lunin,лунин,last
lunina,лунина,last
lutsenko,луценко,last
lushnikov,лушников,last
lykov,лыков,last
lykova,лыкова,last
lysenko,лысенко,last
lysova,лысова,last
lvov,львов,last
lvova,львова,last
lyubimova,любимова,last
liubov,любовь,first
luba,любовь,first
lubov,любовь,first
lyuba,любовь,first
lyubov,любовь,first
люба,любовь,first
любов,любовь,first
liudmila,людмила,first
luda,людмила,first
ludmila,людмила,first
lyudmila,людмила,first
люда,людмила,first
lyapina,ляпина,last
lyashenko,ляшенко,last
mavrina,маврина,last
magomedov,магомедов,last
magomedova,магомедова,last
madina,мадина,last
mazurova,мазурова,last
main,маин,last
mayorov,майоров,last
maiorova,майорова,last
mayorova,майорова,last
maya,майя,first
мая,майя,first
makarenko,макаренко,last
makarov,макаров,last
makarova,макарова,last
makeev,макеев,last
makeeva,макеева,last
maks,максим,first
maksim,максим,first
max,максим,first
maxim,максим,first
макс,максим,first
maksimenko,максименко,last
maximenko,максименко,last
maksimov,максимов,last
maximov,максимов,last
maximova,максимов,last
maksimova,максимова,last
malahov,малахов,last
malakhov,малахов,last
malahova,малахова,last
malakhova,малахова,last
malaya,малая,last
malikov,маликов,last
malikova,маликова,last
malina,малина,last
malinin,малинин,last
malinina,малинина,last
malinovskaya,малиновская,last
malkina,малкина,last
malkov,малков,last
malkova,малкова,last
malov,малов,last
malova,малова,last
malygin,малыгин,last
malygina,малыгина,last
malyshev,малышев,last
malysheva,малышева,last
malin,мальин,last
melnichenko,мальниченко,last
melnichuk,мальничук,last
malcev,мальцев,last
maltsev,мальцев,last
malceva,мальцева,last
maltseva,мальцева,last
malyutina,малютина,last
mamaev,мамаев,last
mamaeva,мамаева,last
mamedov,мамедов,last
mamedova,мамедова,last
mamonov,мамонов,last
mamonova,мамонова,last
mamontov,мамонтов,last
mamontova,мамонтова,last
manakova,манакова,last
mansurova,мансурова,last
manukyan,манукян,last
marat,марат,first
margarita,маргарита,first
rita,маргарита,first
марго,маргарита,first
margaryan,маргарян,last
marina,марина,first
marisha,марина,first
marishka,марина,first
маринка,марина,first
маришка,марина,first
marinina,маринина,last
maria,мария,first
mariia,мария,first
mariya,мария,first
marya,мария,first
masha,мария,first
маша,мария,first
mark,марк,first
markaryan,маркарян,last
markelov,маркелов,last
markelova,маркелова,last
markin,маркин,last
markina,маркина,last
markov,марков,last
markova,маркова,last
marta,марта,first
martirosyan,мартиросян,last
martynenko,мартыненко,last
martynov,мартынов,last
martinova,мартынова,last
martynova,мартынова,last
martynyuk,мартынюк,last
marchenko,марченко,last
marchuk,марчук,last
maslennikov,масленников,last
maslennikova,масленникова,last
maslov,маслов,last
maslova,маслова,last
matveev,матвеев,last
matveeva,матвеева,last
matvey,матвей,first
matvienko,матвиенко,last
matrosov,матросов,last
matrosova,матросова,last
makhmudov,махмудов,last
mashkov,машков,last
mashkova,машкова,last
medvedev,медведев,last
medvedeva,медведева,last
melkonyan,мелконян,last
melnikova,мелникова,last
melnikov,мельников,last
menshikov,меньшиков,last
menshikova,меньшикова,last
menyashev,меняшев,last
merkulov,меркулов,last
merkulova,меркулова,last
meshkov,мешков,last
meshkova,мешкова,last
mila,мила,first
milovanov,милованов,last
milovanova,милованова,last
minaev,минаев,last
minaeva,минаева,last
minakov,минаков,last
minakova,минакова,last
minasyan,минасян,last
mineev,минеев,last
mineeva,минеева,last
minin,минин,last
minina,минина,last
mira,мира,first
mirzoeva,мирзоева,last
mirzoyan,мирзоян,last
mirina,мирина,last
mironenko,мироненко,last
mironov,миронов,last
mironova,миронова,last
miroshnikova,мирошникова,last
miroshnichenko,мирошниченко,last
mitin,митин,last
mitina,митина,last
mitrofanov,митрофанов,last
mitrofanova,митрофанова,last
michail,михаил,first
miha,михаил,first
mihail,михаил,first
mikhail,михаил,first
misha,михаил,first
миша,михаил,first
mihailov,михайлов,last
mihaylov,михайлов,last
mikhailov,михайлов,last
mikhaylov,михайлов,last
mikhailova,михаилова,last
mihailova,михайлова,last
mihaylova,михайлова,last
mikhaylova,михайлова,last
mikhalev,михалев,last
mihaleva,михалева,last
mikhaleva,михалева,last
mikhaylenko,михаыленко,last
miheev,михеев,last
mikheev,михеев,last
miheeva,михеева,last
mikheeva,михеева,last
mishin,мишин,last
mishina,мишина,last
mishchenko,мищенко,last
mishenko,мищенко,last
mkrtchyan,мкртчян,last
moiseev,моисеев,last
moiseeva,моисеева,last
moiseenko,моисеенко,last
molchanov,молчанов,last
molchanova,молчанова,last
morgunov,моргунов,last
morgunova,моргунова,last
moreva,морева,last
morozov,морозов,last
morozova,морозова,last
mosin,мосин,last
mosina,мосина,last
moskalev,москалев,last
moskaleva,москалева,last
moskalenko,москаленко,last
moskvin,москвин,last
moskvina,москвина,last
mochalov,мочалов,last
mochalova,мочалова,last
muraveva,муравьева,last
muradov,мурадов,last
muradova,мурадова,last
muradyan,мурадян,last
muratov,муратов,last
muratova,муратова,last
murashov,мурашов,last
murashova,мурашова,last
murzin,мурзин,last
murzina,мурзина,last
murtazin,муртазин,last
murtazina,муртазина,last
musaev,мусаев,last
musaeva,мусаева,last
musatova,мусатова,last
musin,мусин,last
musina,мусина,last
mustafin,мустафин,last
mustafina,мустафина,last
muhin,мухин,last
mukhin,мухин,last
muhina,мухина,last
mukhina,мухина,last
myasnikov,мясников,last
myasnikova,мясникова,last
nabiev,набиев,last
nabieva,набиева,last
nagornaya,нагорная,last
nadejda,надежда,first
nadezhda,надежда,first
nadia,надежда,first
nadiya,надежда,first
nadja,надежда,first
nadya,надежда,first
надя,надежда,first
nadin,надин,last
nadina,надина,last
nazarenko,назаренко,last
nazarov,назаров,last
nazarova,назарова,last
nasonova,насонова,last
nasyrov,насыров,last
nasyrova,насырова,last
nata,наталья,first
натаья,наталья,first
natali,наталья,first
natalia,наталья,first
natalie,наталья,first
nataliia,наталья,first
nataliy,наталья,last
nataliya,наталья,first
natalja,наталья,first
nataly,наталья,first
natalya,наталья,first
natascha,наталья,first
natasha,наталья,first
натали,наталья,first
наталия,наталья,first
наталя,наталья,first
наташа,наталья,first
naumenko,науменко,last
naumov,наумов,last
naumova,наумова,last
neverov,неверов,last
neverova,неверова,last
nevzorova,невзорова,last
nekrasov,некрасов,last
nekrasova,некрасова,last
nesterenko,нестеренко,last
nesterov,нестеров,last
nesterova,нестерова,last
nefedov,нефедов,last
nefedova,нефедова,last
nechaev,нечаев,last
nechaeva,нечаева,last
nigmatullina,нигматуллина,last
nikita,никита,first
nikitenko,никитенко,last
nikitin,никитин,last
nikitina,никитина,last
nikiforov,никифоров,last
nikiforova,никифорова,last
nikishin,никишин,last
nikishina,никишина,last
nikolaev,николаев,last
nikolaeva,николаева,last
nikolaenko,николаенко,last
kolya,николай,first
nikolai,николай,first
nikolay,николай,first
коля,николай,first
nikolenko,николенко,last
nikolskaya,никольская,last
nikonov,никонов,last
nikonova,никонова,last
nikonorova,никонорова,last
nikulin,никулин,last
nikulina,никулина,last
nina,нина,first
novikov,новиков,last
novikova,новикова,last
novozhilov,новожилов,last
novozhilova,новожилова,last
novoselov,новоселов,last
novoselova,новоселова,last
nosenko,носенко,last
noskov,носков,last
noskova,носкова,last
nosov,носов,last
nosova,носова,last
nurgalieva,нургалиева,last
nurieva,нуриева,last
obukhov,обухов,last
obukhova,обухова,last
ovsyannikov,овсянников,last
ovsyannikova,овсянникова,last
ovcharenko,овчаренко,last
ovcharova,овчарова,last
ovchinnikov,овчинников,last
ovchinnikova,овчинникова,last
oganesyan,оганесян,last
oganyan,оганян,last
ogneva,огнева,last
odintsov,одинцов,last
odintsova,одинцова,last
ozerova,озерова,last
oksana,оксана,first
oksanochka,оксана,first
oxana,оксана,first
okunev,окунев,last
okuneva,окунева,last
oleg,олег,first
oleynikov,олейников,last
oleynikova,олейникова,last
olesya,олеся,first
ola,ольга,first
olechka,ольга,first
olenka,ольга,first
olga,ольга,first
olia,ольга,first
olya,ольга,first
оленька,ольга,first
оля,ольга,first
omarov,омаров,last
omarova,омарова,last
omelchenko,омельченко,last
orehova,орехова,last
orekhova,орехова,last
orlov,орлов,last
orlova,орлова,last
osadchaya,осадчая,last
osina,осина,last
osipenko,осипенко,last
osipov,осипов,last
osipova,осипова,last
osmanov,османов,last
osmanova,османова,last
osokin,осокин,last
osokina,осокина,last
ospanova,оспанова,last
ostanina,останина,last
ostapenko,остапенко,last
ostrovskaya,островская,last
pasha,павел,first
pavel,павел,first
паша,павел,first
pavlenko,павленко,last
pavlov,павлов,last
pavlova,павлова,last
pavlovskaya,павловская,last
pavlyuk,павлюк,last
panasenko,панасенко,last
panin,панин,last
panina,панина,last
pankov,панков,last
pankova,панкова,last
pankratov,панкратов,last
pankratova,панкратова,last
panov,панов,last
panova,панова,last
panteleev,пантелеев,last
panteleeva,пантелеева,last
panfilov,панфилов,last
panfilova,панфилова,last
panchenko,панченко,last
paramonov,парамонов,last
paramonova,парамонова,last
parfenov,парфенов,last
parfenova,парфенова,last
parhomenko,пархоменко,last
parkhomenko,пархоменко,last
parshin,паршин,last
parshina,паршина,last
pakhomov,пахомов,last
pahomova,пахомова,last
pakhomova,пахомова,last
pashkov,пашков,last
pashkova,пашкова,last
pashchenko,пащенко,last
penkova,пенькова,last
perevalova,перевалова,last
perminov,перминов,last
perminova,перминова,last
permyakov,пермяков,last
permyakova,пермякова,last
perov,перов,last
perova,перова,last
pershin,першин,last
pershina,першина,last
pestova,пестова,last
petr,петр,first
petya,петр,first
пётр,петр,first
петя,петр,first
petrakova,петракова,last
petrenko,петренко,last
petroff,петров,last
petrov,петров,last
petrova,петрова,last
petrowa,петрова,last
petrovskaya,петровская,last
petrosyan,петросян,last
petrunina,петрунина,last
petukhov,петухов,last
petuhova,петухова,last
petukhova,петухова,last
peshkov,пешков,last
peshkova,пешкова,last
pivovarov,пивоваров,last
pivovarova,пивоварова,last
pilipenko,пилипенко,last
pimenov,пименов,last
pimenova,пименова,last
pinchuk,пинчук,last
pirogov,пирогов,last
pirogova,пирогова,last
pisarev,писарев,last
pisareva,писарева,last
pisarenko,писаренко,last
piskunov,пискунов,last
piskunova,пискунова,last
pichugin,пичугин,last
pichugina,пичугина,last
plaksina,плаксина,last
platonov,платонов,last
platonova,платонова,last
pletneva,плетнева,last
pliev,плиев,last
plieva,плиева,last
plotnikov,плотников,last
plotnikova,плотникова,last
pogodin,погодин,last
pogodina,погодина,last
pogorelov,погорелов,last
pogorelova,погорелова,last
pogosyan,погосян,last
pozdeeva,поздеева,last
pozdnyakov,поздняков,last
pozdnyakova,позднякова,last
pokrovskaya,покровская,last
poletaeva,полетаева,last
polikarpov,поликарпов,last
polikarpova,поликарпова,last
polina,полина,first
politova,политова,last
polishchuk,полищук,last
polovinkina,половинкина,last
polozova,полозова,last
polunina,полунина,last
poliakov,поляков,last
polyakov,поляков,last
poliakova,полякова,last
polyakova,полякова,last
polyanskaya,полянская,last
ponomarev,пономарев,last
ponomareva,пономарева,last
ponomarenko,пономаренко,last
popkov,попков,last
popkova,попкова,last
popov,попов,last
popova,попова,last
portnova,портнова,last
pospelov,поспелов,last
pospelova,поспелова,last
postnikov,постников,last
postnikova,постникова,last
potapenko,потапенко,last
potapov,потапов,last
potapova,потапова,last
potemkina,потемкина,last
privalov,привалов,last
privalova,привалова,last
prihodko,приходько,last
prikhodko,приходько,last
prozorova,прозорова,last
prokopenko,прокопенко,last
prokopeva,прокопьева,last
prokofev,прокофьев,last
prokofeva,прокофьева,last
prokudina,прокудина,last
pronin,пронин,last
pronina,пронина,last
proskurin,проскурин,last
proskurina,проскурина,last
protasov,протасов,last
protasova,протасова,last
prohorov,прохоров,last
prokhorov,прохоров,last
prohorova,прохорова,last
prokhorova,прохорова,last
protsenko,проценко,last
proshina,прошина,last
prudnikov,прудников,last
prudnikova,прудникова,last
pugachev,пугачев,last
pugacheva,пугачева,last
pupkin,пупкин,last
putin,путин,last
puchkov,пучков,last
puchkova,пучкова,last
pushkarev,пушкарев,last
pushkareva,пушкарева,last
pushkin,пушкин,last
pushkina,пушкина,last
radaeva,радаева,last
radionova,радионова,last
radchenko,радченко,last
razina,разина,last
razumov,разумов,last
razumova,разумова,last
raisa,раиса,first
rakov,раков,last
rakova,ракова,last
ramazanov,рамазанов,last
ramazanova,рамазанова,last
ramil,рамиль,first
rasskazova,рассказова,last
rasulov,расулов,last
rahimov,рахимов,last
rakhimov,рахимов,last
rahimova,рахимова,last
rakhimova,рахимова,last
regina,регина,first
redkin,редькин,last
redkina,редькина,last
reznikov,резников,last
reznikova,резникова,last
reznichenko,резниченко,last
remizova,ремизова,last
repin,репин,last
repina,репина,last
reutova,реутова,last
reshetnikov,решетников,last
reshetnikova,решетникова,last
reshetova,решетова,last
robert,роберт,first
rogachev,рогачев,last
rogacheva,рогачева,last
rogov,рогов,last
rogova,рогова,last
rogozhina,рогожина,last
rogozin,рогозин,last
rogozina,рогозина,last
rodin,родин,last
rodina,родина,last
rodionov,родионов,last
rodionova,родионова,last
rozhkov,рожков,last
rozhkova,рожкова,last
roza,роза,first
rozanova,розанова,last
roma,роман,first
roman,роман,first
рома,роман,first
romanenko,романенко,last
romanov,романов,last
romanova,романова,last
romanyuk,романюк,last
romashkina,ромашкина,last
romashova,ромашова,last
rubleva,рублева,last
rubtsov,рубцов,last
rubtsova,рубцова,last
rudakov,рудаков,last
rudakova,рудакова,last
rudenko,руденко,last
rudnev,руднев,last
rudneva,руднева,last
rumyantsev,румянцев,last
rumyantseva,румянцева,last
rusakov,русаков,last
rusakova,русакова,last
rusanov,русанов,last
rusanova,русанова,last
rusin,русин,last
rusina,русина,last
rusinova,русинова,last
ruslan,руслан,first
rustam,рустам,first
rybakov,рыбаков,last
rybakova,рыбакова,last
rybalko,рыбалко,last
rybin,рыбин,last
rybina,рыбина,last
rybkina,рыбкина,last
ryzhkov,рыжков,last
ryzhkova,рыжкова,last
ryzhov,рыжов,last
ryzhova,рыжова,last
rykov,рыков,last
rykova,рыкова,last
rychkova,рычкова,last
ryabinina,рябинина,last
ryabov,рябов,last
ryabova,рябова,last
ryazanov,рязанов,last
ryazanova,рязанова,last
saakyan,саакян,last
sabirov,сабиров,last
sabirova,сабирова,last
sabitova,сабитова,last
sablina,саблина,last
saburova,сабурова,last
savelev,савельев,last
savelyev,савельев,last
saveleva,савельева,last
savelyeva,савельева,last
savenko,савенко,last
savenkov,савенков,last
savenkova,савенкова,last
savin,савин,last
savina,савина,last
savinov,савинов,last
savinova,савинова,last
savitskaya,савитская,last
savkin,савкин,last
savkina,савкина,last
savchenko,савченко,last
savchuk,савчук,last
sadikova,садикова,last
sadovnikova,садовникова,last
sadykov,садыков,last
sadykova,садыкова,last
saenko,саенко,last
sazhina,сажина,last
sazonov,сазонов,last
sazonova,сазонова,last
saidov,саидов,last
saidova,саидова,last
salimov,салимов,last
salimova,салимова,last
salikhov,салихов,last
salihova,салихова,last
saltykova,салтыкова,last
salnikov,сальников,last
salnikova,сальникова,last
samarin,самарин,last
samoilenko,самойленко,last
samoylenko,самойленко,last
samoilov,самойлов,last
samoylov,самойлов,last
samoilova,самойлова,last
samoylova,самойлова,last
samsonov,самсонов,last
samsonova,самсонова,last
sannikov,санников,last
sannikova,санникова,last
sapozhnikova,сапожникова,last
sapronova,сапронова,last
saprykin,сапрыкин,last
saprykina,сапрыкина,last
saraeva,сараева,last
sargsyan,саргсян,last
sarkisyan,саркисян,last
sarycheva,сарычева,last
safarov,сафаров,last
safarova,сафарова,last
safaryan,сафарян,last
safin,сафин,last
safina,сафина,last
safiullina,сафиуллина,last
safonov,сафонов,last
safonova,сафонова,last
safronov,сафронов,last
safronova,сафронова,last
sahakyan,сахакян,last
sakharov,сахаров,last
saharova,сахарова,last
sakharova,сахарова,last
sveta,светлана,first
svetik,светлана,first
svetlana,светлана,first
svetochka,светлана,first
света,светлана,first
светалана,светлана,first
svetlova,светлова,last
sviridenko,свириденко,last
sviridov,свиридов,last
sviridova,свиридова,last
svistunov,свистунов,last
svistunova,свистунова,last
seva,сева,last
severin,северин,last
sedov,седов,last
sedova,седова,last
seleznev,селезнев,last
selezneva,селезнева,last
selivanov,селиванов,last
selivanova,селиванова,last
seliverstov,селиверстов,last
seliverstova,селиверстова,last
selin,селин,last
семён,семен,first
semenenko,семененко,last
semenov,семенов,last
semenova,семенова,last
semenyuk,семенюк,last
semin,семин,last
semina,семина,last
senina,сенина,last
senchenko,сенченко,last
serafima,серафима,first
sergeev,сергеев,last
sergeeva,сергеева,last
cергей,сергей,first
serega,сергей,first
serezha,сергей,first
serg,сергей,first
serge,сергей,first
sergei,сергей,first
sergey,сергей,first
sergii,сергей,first
sergiy,сергей,first
серега,сергей,first
серёга,сергей,first
сережа,сергей,first
серж,сергей,first
sergienko,сергиенко,last
serdyuk,сердюк,last
serebrennikova,серебренникова,last
serebryakov,серебряков,last
serebryakova,серебрякова,last
seregin,серегин,last
seregina,серегина,last
serikov,сериков,last
serikova,серикова,last
serkova,серкова,last
serov,серов,last
serova,серова,last
sivkova,сивкова,last
sidorenko,сидоренко,last
sidorov,сидоров,last
sidorova,сидорова,last
sizov,сизов,last
sizova,сизова,last
silaeva,силаева,last
silin,силин,last
silina,силина,last
silkina,силкина,last
simakov,симаков,last
simakova,симакова,last
simonenko,симоненко,last
simonov,симонов,last
simonova,симонова,last
simonyan,симонян,last
sinicina,синицина,last
sinitsina,синицина,last
sirotina,сиротина,last
sirotkina,сироткина,last
sitdikova,ситдикова,last
sitnikov,ситников,last
sitnikova,ситникова,last
skachkova,скачкова,last
skvortsov,скворцов,last
skvorcova,скворцова,last
skvortsova,скворцова,last
sklyarova,склярова,last
skryabina,скрябина,last
slava,слава,first
slavina,славина,last
sleptsova,слепцова,last
smagin,смагин,last
smagina,смагина,last
smetanina,сметанина,last
smirnoff,смирнов,last
smirnov,смирнов,last
smirnova,смирнова,last
smirnowa,смирнова,last
smolin,смолин,last
smolina,смолина,last
smorodina,смородина,last
снежанна,снежана,first
sobolev,соболев,last
soboleva,соболева,last
sova,сова,last
sokolov,соколов,last
sokolova,соколова,last
soldatov,солдатов,last
soldatova,солдатова,last
solov,солов,last
solovev,соловьев,last
solovyev,соловьев,last
soloveva,соловьева,last
soloviev,соловьева,last
solovieva,соловьева,last
solovyeva,соловьева,last
solovyova,соловьева,last
solomatin,соломатин,last
solomatina,соломатина,last
solomina,соломина,last
somov,сомов,last
somova,сомова,last
sorokin,сорокин,last
sorokina,сорокина,last
sosnin,соснин,last
sosnina,соснина,last
sotnikov,сотников,last
sotnikova,сотникова,last
sofia,софия,first
sofiya,софия,first
sonia,соня,first
sonja,соня,first
sonya,соня,first
соня,соня,first
софия,софия,first
spiridonov,спиридонов,last
spiridonova,спиридонова,last
spirin,спирин,last
spirina,спирина,last
stanislav,станислав,first
stas,станислав,first
стас,станислав,first
starikov,стариков,last
starikova,старикова,last
starkov,старков,last
starkova,старкова,last
starostin,старостин,last
starostina,старостина,last
startsev,старцев,last
startseva,старцева,last
stepan,степан,first
степа,степан,first
stepanenko,степаненко,last
stepanov,степанов,last
stepanova,степанова,last
stepanyan,степанян,last
stolyarov,столяров,last
stolyarova,столярова,last
strelec,стрелец,last
strelkova,стрелкова,last
strelnikov,стрельников,last
strelnikova,стрельникова,last
streltsov,стрельцов,last
streltsova,стрельцова,last
strukova,струкова,last
subbotin,субботин,last
subbotina,субботина,last
suvorov,суворов,last
suvorova,суворова,last
sudakov,судаков,last
sudakova,судакова,last
suleymanov,сулейманов,last
suleymanova,сулейманова,last
sultanov,султанов,last
sultanova,султанова,last
surikova,сурикова,last
surina,сурина,last
surkov,сурков,last
surkova,суркова,last
surova,сурова,last
suslov,суслов,last
suslova,суслова,last
sukhanov,суханов,last
suhanova,суханова,last
sukhanova,суханова,last
sukharev,сухарев,last
suhareva,сухарева,last
sukhareva,сухарева,last
suhov,сухов,last
sukhov,сухов,last
suhova,сухова,last
sukhova,сухова,last
sukhorukov,сухоруков,last
suchkov,сучков,last
suchkova,сучкова,last
sushko,сушко,last
sushkova,сушкова,last
sysoev,сысоев,last
sysoeva,сысоева,last
sychev,сычев,last
sycheva,сычева,last
tagirova,тагирова,last
tamara,тамара,first
toma,тамара,first
тома,тамара,first
tarakanov,тараканов,last
tarakanova,тараканова,last
taranenko,тараненко,last
taranov,таранов,last
taranova,таранова,last
tarasenko,тарасенко,last
tarasov,тарасов,last
tarasova,тарасова,last
tatarenko,татаренко,last
tatarin,татарин,last
tatarinov,татаринов,last
tatarinova,татаринова,last
tania,татьяна,first
tanja,татьяна,first
tanya,татьяна,first
tatiana,татьяна,first
tatjana,татьяна,first
tatyan,татьяна,last
tatyana,татьяна,first
танюшка,татьяна,first
таня,татьяна,first
tedeeva,тедеева,last
telegin,телегин,last
telegina,телегина,last
teplova,теплова,last
terentev,терентьев,last
terenteva,терентьева,last
terekhov,терехов,last
terehova,терехова,last
terekhova,терехова,last
tereshchenko,терещенко,last
teslenko,тесленко,last
teterin,тетерин,last
teterina,тетерина,last
timonina,тимонина,last
timofeev,тимофеев,last
timofeeva,тимофеева,last
timofey,тимофей,first
timoshenko,тимошенко,last
tima,тимур,first
timur,тимур,first
timchenko,тимченко,last
tina,тина,first
titarenko,титаренко,last
titov,титов,last
titova,титова,last
tikhomirov,тихомиров,last
tihomirova,тихомирова,last
tikhomirova,тихомирова,last
tihonov,тихонов,last
tikhonov,тихонов,last
tihonova,тихонова,last
tikhonova,тихонова,last
tishina,тишина,last
tishchenko,тищенко,last
tishenko,тищенко,last
tkach,ткач,last
tkachev,ткачев,last
tkacheva,ткачева,last
tkachenko,ткаченко,last
tkachuk,ткачук,last
tokarev,токарев,last
tokareva,токарева,last
tolkacheva,толкачева,last
tolmachev,толмачев,last
tolmacheva,толмачева,last
tolstov,толстов,last
tolstova,толстова,last
tomilov,томилов,last
tomilova,томилова,last
toropov,торопов,last
toropova,торопова,last
torosyan,торосян,last
tregubova,трегубова,last
tretyak,третьяк,last
tretyakov,третьяков,last
tretyakova,третьякова,last
trifonov,трифонов,last
trifonova,трифонова,last
trofimenko,трофименко,last
trofimov,трофимов,last
trofimova,трофимова,last
troshin,трошин,last
troshina,трошина,last
trubnikova,трубникова,last
trunov,трунов,last
trunova,трунова,last
trusov,трусов,last
trusova,трусова,last
trufanov,труфанов,last
trufanova,труфанова,last
trushina,трушина,last
tumanov,туманов,last
tumanova,туманова,last
turkina,туркина,last
tyurin,тюрин,last
turina,тюрина,last
tyurina,тюрина,last
tyan,тян,last
uvarov,уваров,last
uvarova,уварова,last
udalova,удалова,last
ukolova,уколова,last
ulanov,уланов,last
ulanova,уланова,last
uliana,ульяна,first
ulyana,ульяна,first
ulyanov,ульянов,last
ulyanova,ульянова,last
umarov,умаров,last
umarova,умарова,last
usachev,усачев,last
usacheva,усачева,last
usenko,усенко,last
uskov,усков,last
uskova,ускова,last
usmanov,усманов,last
usmanova,усманова,last
usov,усов,last
usova,усова,last
ustimenko,устименко,last
ustinov,устинов,last
ustinova,устинова,last
utkin,уткин,last
utkina,уткина,last
ushakov,ушаков,last
ushakova,ушакова,last
fadeev,фадеев,last
fadeeva,фадеева,last
fateev,фатеев,last
fateeva,фатеева,last
fatima,фатима,first
fedin,федин,last
fedina,федина,last
fedor,федор,first
fedya,федор,first
фдор,федор,first
фёдор,федор,first
fedorenko,федоренко,last
fedorov,федоров,last
fedorova,федорова,last
fedoseev,федосеев,last
fedoseeva,федосеева,last
fedosov,федосов,last
fedosova,федосова,last
fedotov,федотов,last
fedotova,федотова,last
fedulov,федулов,last
fedulova,федулова,last
fedchenko,федченко,last
feoktistov,феоктистов,last
feoktistova,феоктистова,last
fesenko,фесенко,last
fetisov,фетисов,last
fetisova,фетисова,last
filatov,филатов,last
filatova,филатова,last
filimonov,филимонов,last
filimonova,филимонова,last
filin,филин,last
filippov,филиппов,last
philippov,филиппов,last
filippova,филиппова,last
philippova,филиппова,last
filonenko,филоненко,last
firsov,фирсов,last
firsova,фирсова,last
fisenko,фисенко,last
fokin,фокин,last
fokina,фокина,last
fomenko,фоменко,last
fomin,фомин,last
fomina,фомина,last
fomichev,фомичев,last
fomicheva,фомичева,last
frolov,фролов,last
frolova,фролова,last
frolowa,фролова,last
fursova,фурсова,last
khabarova,хабарова,last
khabibullin,хабибуллин,last
khakimov,хакимов,last
khakimova,хакимова,last
khalilov,халилов,last
haritonov,харитонов,last
kharitonov,харитонов,last
haritonova,харитонова,last
kharitonova,харитонова,last
kharlamov,харламов,last
kharlamova,харламова,last
harutyunyan,харутюнян,last
harchenko,харченко,last
kharchenko,харченко,last
hasanov,хасанов,last
khasanov,хасанов,last
hasanova,хасанова,last
khasanova,хасанова,last
khachatryan,хачатрян,last
khachaturyan,хачатурян,last
hovhannisyan,ховханнисян,last
khomenko,хоменко,last
hohlov,хохлов,last
khokhlov,хохлов,last
hohlova,хохлова,last
khokhlova,хохлова,last
khramov,храмов,last
khromov,хромов,last
khromova,хромова,last
khudyakova,худякова,last
khusainov,хусаинов,last
khusainova,хусаинова,last
tsarev,царев,last
tsareva,царева,last
tsvetkov,цветков,last
cvetkova,цветкова,last
tsvetkova,цветкова,last
tsygankov,цыганков,last
tsygankova,цыганкова,last
chebotarev,чеботарев,last
chebotareva,чеботарева,last
cherednichenko,чередниченко,last
cherepanov,черепанов,last
cherepanova,черепанова,last
cherkasov,черкасов,last
cherkasova,черкасова,last
cherkashin,черкашин,last
cherkashina,черкашина,last
chernaya,черная,last
chernenko,черненко,last
chernikov,черников,last
chernikova,черникова,last
chernov,чернов,last
chernova,чернова,last
chernyshev,чернышев,last
chernysheva,чернышева,last
chernyshov,чернышов,last
chernyshova,чернышова,last
chernyavskaya,чернявская,last
chernyaeva,черняева,last
chesnokov,чесноков,last
chesnokova,чеснокова,last
chizhov,чижов,last
chizhova,чижова,last
chirkov,чирков,last
chirkova,чиркова,last
chistova,чистова,last
chistyakov,чистяков,last
chistyakova,чистякова,last
chugunov,чугунов,last
chugunova,чугунова,last
chudinova,чудинова,last
chulkov,чулков,last
chulkova,чулкова,last
chumakov,чумаков,last
chumakova,чумакова,last
chumachenko,чумаченко,last
chuprina,чуприна,last
chuprova,чупрова,last
churkina,чуркина,last
chursina,чурсина,last
shabalin,шабалин,last
shabalina,шабалина,last
shabanov,шабанов,last
shabanova,шабанова,last
shadrin,шадрин,last
shadrina,шадрина,last
shakirov,шакиров,last
shakirova,шакирова,last
shamil,шамиль,first
shapovalov,шаповалов,last
shapovalova,шаповалова,last
shaposhnikova,шапошникова,last
sharapov,шарапов,last
sharapova,шарапова,last
sharafutdinova,шарафутдинова,last
sharipov,шарипов,last
sharipova,шарипова,last
sharov,шаров,last
sharova,шарова,last
shatalov,шаталов,last
shatalova,шаталова,last
shahova,шахова,last
shakhova,шахова,last
shashkov,шашков,last
shashkova,шашкова,last
shvedov,шведов,last
shvedova,шведова,last
shvec,швец,last
shvetsov,швецов,last
shvetsova,швецова,last
shevelev,шевелев,last
sheveleva,шевелева,last
shevtsov,шевцов,last
shevtsova,шевцова,last
shevchenko,шевченко,last
shevchuk,шевчук,last
shein,шеин,last
sheina,шеина,last
shepelev,шепелев,last
shepeleva,шепелева,last
shestakov,шестаков,last
shestakova,шестакова,last
shilin,шилин,last
shilina,шилина,last
shilov,шилов,last
shilova,шилова,last
shinkarenko,шинкаренко,last
shirokov,широков,last
shirokova,широкова,last
shiryaev,ширяев,last
shiryaeva,ширяева,last
shitova,шитова,last
shishkin,шишкин,last
shishkina,шишкина,last
shishkov,шишков,last
shishkova,шишкова,last
shishov,шишов,last
shishova,шишова,last
shmakov,шмаков,last
shmakova,шмакова,last
shmelev,шмелев,last
shmeleva,шмелева,last
shubin,шубин,last
shubina,шубина,last
shuvalov,шувалов,last
shuvalova,шувалова,last
shulgin,шульгин,last
shulgina,шульгина,last
shumilov,шумилов,last
shumilova,шумилова,last
shustova,шустова,last
shutov,шутов,last
shutova,шутова,last
scherbakov,щербаков,last
shcherbakov,щербаков,last
sherbakov,щербаков,last
scherbakova,щербакова,last
shcherbakova,щербакова,last
sherbakova,щербакова,last
shcherbina,щербина,last
shipilov,щипилов,last
shipilova,щипилова,last
shchukin,щукин,last
shchukina,щукина,last
eduard,эдуард,first
eleonora,элеонора,first
elina,элина,first
elvira,эльвира,first
enina,энина,last
erkin,эркин,last
yudin,юдин,last
yudina,юдина,last
юлиана,юлианна,first
juliy,юлий,last
yuliy,юлий,last
julia,юлия,first
ulia,юлия,first
yulia,юлия,first
yuliya,юлия,first
yulya,юлия,first
юля,юлия,first
yunusov,юнусов,last
yunusova,юнусова,last
uriy,юрий,last
yura,юрий,first
yuri,юрий,first
yurii,юрий,first
yuriy,юрий,first
yury,юрий,first
юра,юрий,first
yurkova,юркова,last
yurov,юров,last
yurova,юрова,last
yurchenko,юрченко,last
yureva,юрьева,last
yusupova,юсупова,last
yakimenko,якименко,last
yusupov,юсупов,last
yakimov,якимов,last
yakimova,якимова,last
yakov,яков,first
yakovenko,яковенко,last
iakovlev,яковлев,last
yakovlev,яковлев,last
iakovleva,яковлева,last
yakovleva,яковлева,last
yakubov,якубов,last
yakubova,якубова,last
yakunin,якунин,last
yakunina,якунина,last
yakupov,якупов,last
yakupova,якупова,last
yakushev,якушев,last
yakusheva,якушева,last
yan,ян,last
jana,яна,first
janna,яна,first
yana,яна,first
янна,яна,first
yaroslav,ярослав,first
yaroslava,ярослава,first
yaroshenko,ярошенко,last
yastrebova,ястребова,last
yatsenko,яценко,last
yashin,яшин,last
yashina,яшина,last
iuliia,юлия,first
бэлла,белла,first
эдик,эдуард,first
настена,анастасия,first
sasha,саша,first
александр,александр,first
александер,александр,first
санек,александр,first
леха,алексей,first
димон,дмитрий,first
rinat,ринат,first
senia,семен,first
kilian,килиан,first
stef,stefania,first